ref_value,label_pub_ver,LLM_model_prompt
http://addons.mozilla.org,vendor,results_mistral:latest_prompt_5_metadata
http://americanart.si.edu,cultural,results_mistral:latest_prompt_5_metadata
http://amturing.acm.org,academia_uni,results_mistral:latest_prompt_5_metadata
http://archive.org,no_profit,results_mistral:latest_prompt_5_metadata
http://art.famsf.org,cultural,results_mistral:latest_prompt_5_metadata
http://backuppc.cvs.sourceforge.net,dn,results_mistral:latest_prompt_5_metadata
http://bbfc.co.uk,gov,results_mistral:latest_prompt_5_metadata
http://bbti.bodleian.ox.ac.uk,academia_other,results_mistral:latest_prompt_5_metadata
http://blog.mathieui.net,non_trad_news,results_mistral:latest_prompt_5_metadata
http://blog.torproject.org,no_profit,results_mistral:latest_prompt_5_metadata
http://blogs.windows.com,non_trad_news,results_mistral:latest_prompt_5_metadata
http://books.google.co.uk,vendor,results_mistral:latest_prompt_5_metadata
http://chem.nlm.nih.gov,academia_pub,results_mistral:latest_prompt_5_metadata
http://chibi.ubc.ca,academia_uni,results_mistral:latest_prompt_5_metadata
http://collection.cooperhewitt.org,cultural,results_mistral:latest_prompt_5_metadata
http://collections.artsmia.org,cultural,results_mistral:latest_prompt_5_metadata
http://collections.britishart.yale.edu,cultural,results_mistral:latest_prompt_5_metadata
http://collections.lacma.org,cultural,results_mistral:latest_prompt_5_metadata
http://commons.wikimedia.org,no_profit,results_mistral:latest_prompt_5_metadata
http://daccess-ods.un.org,no_profit,results_mistral:latest_prompt_5_metadata
http://data.ordnancesurvey.co.uk,gov,results_mistral:latest_prompt_5_metadata
http://directory.fsf.org,no_profit,results_mistral:latest_prompt_5_metadata
http://electronicintifada.net,non_trad_news,results_mistral:latest_prompt_5_metadata
http://en.mediamass.net,non_trad_news,results_mistral:latest_prompt_5_metadata
http://en.wikisource.org,no_profit,results_mistral:latest_prompt_5_metadata
http://eprints.lancs.ac.uk,academia_uni,results_mistral:latest_prompt_5_metadata
http://espn.go.com,trad_news,results_mistral:latest_prompt_5_metadata
http://fdrmx.com,non_trad_news,results_mistral:latest_prompt_5_metadata
http://fedoraproject.org,no_profit,results_mistral:latest_prompt_5_metadata
http://feed.snapdo.com,nw,results_mistral:latest_prompt_5_metadata
http://ffilms.org,trad_news,results_mistral:latest_prompt_5_metadata
http://fie.org,trad_news,results_mistral:latest_prompt_5_metadata
http://firstcycling.com,non_trad_news,results_mistral:latest_prompt_5_metadata
http://flymotorsich.com,non_trad_news,results_mistral:latest_prompt_5_metadata
http://fmg.ac,academia_other,results_mistral:latest_prompt_5_metadata
http://forum.mql4.com,non_trad_news,results_mistral:latest_prompt_5_metadata
http://forums.comodo.com,vendor,results_mistral:latest_prompt_5_metadata
http://fossilworks.org,academia_pub,results_mistral:latest_prompt_5_metadata
http://freemind.sourceforge.net,open_source,results_mistral:latest_prompt_5_metadata
http://ftp.debian-ports.org,nw,results_mistral:latest_prompt_5_metadata
http://geonames.usgs.gov,gov,results_mistral:latest_prompt_5_metadata
http://git.gnome.org,dn,results_mistral:latest_prompt_5_metadata
http://git.kernel.org,dn,results_mistral:latest_prompt_5_metadata
http://github.com,trad_news,results_mistral:latest_prompt_5_metadata
http://groups.google.com,trad_news,results_mistral:latest_prompt_5_metadata
http://iba-world.com,trad_news,results_mistral:latest_prompt_5_metadata
http://id.loc.gov,cultural,results_mistral:latest_prompt_5_metadata
http://identifiers.org,academia_pub,results_mistral:latest_prompt_5_metadata
http://iditarod.com,no_profit,results_mistral:latest_prompt_5_metadata
http://independentlibraries.co.uk,no_profit,results_mistral:latest_prompt_5_metadata
http://instagram.com,trad_news,results_mistral:latest_prompt_5_metadata
http://itunes.apple.com,vendor,results_mistral:latest_prompt_5_metadata
http://killiefc.com,trad_news,results_mistral:latest_prompt_5_metadata
http://lawandorder.wikia.com,non_trad_news,results_mistral:latest_prompt_5_metadata
http://library.la84.org,dn,results_mistral:latest_prompt_5_metadata
http://lists.alioth.debian.org,no_profit,results_mistral:latest_prompt_5_metadata
http://lists.freebsd.org,no_profit,results_mistral:latest_prompt_5_metadata
http://lists.gnu.org,no_profit,results_mistral:latest_prompt_5_metadata
http://lists.nongnu.org,no_profit,results_mistral:latest_prompt_5_metadata
http://lists.torproject.org,no_profit,results_mistral:latest_prompt_5_metadata
http://m.timesofindia.com,trad_news,results_mistral:latest_prompt_5_metadata
http://mail-archives.apache.org,nw,results_mistral:latest_prompt_5_metadata
http://man.9front.org,nw,results_mistral:latest_prompt_5_metadata
http://marvel.com,trad_news,results_mistral:latest_prompt_5_metadata
http://movie-locations.com,non_trad_news,results_mistral:latest_prompt_5_metadata
http://movieweb.com,trad_news,results_mistral:latest_prompt_5_metadata
http://mpse.org,cultural,results_mistral:latest_prompt_5_metadata
http://new.liveauctioneers.com,vendor,results_mistral:latest_prompt_5_metadata
http://olat.org,academia_uni,results_mistral:latest_prompt_5_metadata
http://oneprocycling.com,vendor,results_mistral:latest_prompt_5_metadata
http://peerj.com,academia_pub,results_mistral:latest_prompt_5_metadata
http://phoronix.com,non_trad_news,results_mistral:latest_prompt_5_metadata
http://planetarynames.wr.usgs.gov,academia_uni,results_mistral:latest_prompt_5_metadata
http://pubchem.ncbi.nlm.nih.gov,academia_pub,results_mistral:latest_prompt_5_metadata
http://puppet.com,vendor,results_mistral:latest_prompt_5_metadata
http://ratings.fide.com,no_profit,results_mistral:latest_prompt_5_metadata
http://runeberg.org,cultural,results_mistral:latest_prompt_5_metadata
http://sourceforge.net,vendor,results_mistral:latest_prompt_5_metadata
http://spamassassin.apache.org,trad_news,results_mistral:latest_prompt_5_metadata
http://speedskatingstats.com,non_trad_news,results_mistral:latest_prompt_5_metadata
http://splitsider.com,non_trad_news,results_mistral:latest_prompt_5_metadata
http://sports.yahoo.com,trad_news,results_mistral:latest_prompt_5_metadata
http://support.google.com,trad_news,results_mistral:latest_prompt_5_metadata
http://thedancingrest.com,non_trad_news,results_mistral:latest_prompt_5_metadata
http://tools.ietf.org,academia_pub,results_mistral:latest_prompt_5_metadata
http://uk.soccerway.com,trad_news,results_mistral:latest_prompt_5_metadata
http://viaf.org,academia_other,results_mistral:latest_prompt_5_metadata
http://vimeo.com,non_trad_news,results_mistral:latest_prompt_5_metadata
http://vk.com,trad_news,results_mistral:latest_prompt_5_metadata
http://vocab.getty.edu,cultural,results_mistral:latest_prompt_5_metadata
http://web.archive.org,trad_news,results_mistral:latest_prompt_5_metadata
http://whc.unesco.org,cultural,results_mistral:latest_prompt_5_metadata
http://www.4shared.com,vendor,results_mistral:latest_prompt_5_metadata
http://www.aada.edu,cultural,results_mistral:latest_prompt_5_metadata
http://www.allmusic.com,trad_news,results_mistral:latest_prompt_5_metadata
http://www.arabianbusiness.com,trad_news,results_mistral:latest_prompt_5_metadata
http://www.archive.org,no_profit,results_mistral:latest_prompt_5_metadata
http://www.archlinux.org,dn,results_mistral:latest_prompt_5_metadata
http://www.artistdirect.com,trad_news,results_mistral:latest_prompt_5_metadata
http://www.artsjournal.com,trad_news,results_mistral:latest_prompt_5_metadata
http://www.audacityteam.org,vendor,results_mistral:latest_prompt_5_metadata
http://www.bbc.co.uk,trad_news,results_mistral:latest_prompt_5_metadata
http://www.billgladstone.ca,nw,results_mistral:latest_prompt_5_metadata
http://www.bindingdb.org,academia_pub,results_mistral:latest_prompt_5_metadata
http://www.bizjournals.com,trad_news,results_mistral:latest_prompt_5_metadata
http://www.blackfilm.com,non_trad_news,results_mistral:latest_prompt_5_metadata
http://www.blakeschool.org,no_profit,results_mistral:latest_prompt_5_metadata
http://www.blend4web.com,vendor,results_mistral:latest_prompt_5_metadata
http://www.boxofficemojo.com,trad_news,results_mistral:latest_prompt_5_metadata
http://www.bristol.ac.uk,academia_uni,results_mistral:latest_prompt_5_metadata
http://www.britannica.com,trad_news,results_mistral:latest_prompt_5_metadata
http://www.brooklynmuseum.org,cultural,results_mistral:latest_prompt_5_metadata
http://www.businessinsider.com,trad_news,results_mistral:latest_prompt_5_metadata
http://www.bvbinfo.com,non_trad_news,results_mistral:latest_prompt_5_metadata
http://www.canada.com,trad_news,results_mistral:latest_prompt_5_metadata
http://www.catholic-hierarchy.org,trad_news,results_mistral:latest_prompt_5_metadata
http://www.cb300.com,no_profit,results_mistral:latest_prompt_5_metadata
http://www.cdbaby.com,vendor,results_mistral:latest_prompt_5_metadata
http://www.census.gov,gov,results_mistral:latest_prompt_5_metadata
http://www.ciaaw.org,academia_other,results_mistral:latest_prompt_5_metadata
http://www.clsp.jhu.edu,academia_uni,results_mistral:latest_prompt_5_metadata
http://www.coolantarctica.com,non_trad_news,results_mistral:latest_prompt_5_metadata
http://www.crawltrack.net,nw,results_mistral:latest_prompt_5_metadata
http://www.crunchbase.com,trad_news,results_mistral:latest_prompt_5_metadata
http://www.cyclingnews.com,trad_news,results_mistral:latest_prompt_5_metadata
http://www.debian.org,no_profit,results_mistral:latest_prompt_5_metadata
http://www.dubaicityguide.com,vendor,results_mistral:latest_prompt_5_metadata
http://www.dulwichpicturegallery.org.uk,cultural,results_mistral:latest_prompt_5_metadata
http://www.e-yearbook.com,vendor,results_mistral:latest_prompt_5_metadata
http://www.edanhughes.com,trad_news,results_mistral:latest_prompt_5_metadata
http://www.entente-ee.com,org,results_mistral:latest_prompt_5_metadata
http://www.esrb.org,vendor,results_mistral:latest_prompt_5_metadata
http://www.eurodressage.com,non_trad_news,results_mistral:latest_prompt_5_metadata
http://www.eurohandball.com,trad_news,results_mistral:latest_prompt_5_metadata
http://www.europarl.europa.eu,trad_news,results_mistral:latest_prompt_5_metadata
http://www.filmreference.com,non_trad_news,results_mistral:latest_prompt_5_metadata
http://www.findagrave.com,non_trad_news,results_mistral:latest_prompt_5_metadata
http://www.fundacionbancosantander.com,cultural,results_mistral:latest_prompt_5_metadata
http://www.futhead.com,vendor,results_mistral:latest_prompt_5_metadata
http://www.fye.com,vendor,results_mistral:latest_prompt_5_metadata
http://www.gc-cup.com,sport_event,results_mistral:latest_prompt_5_metadata
http://www.genome.gov,academia_uni,results_mistral:latest_prompt_5_metadata
http://www.geonames.org,academia_other,results_mistral:latest_prompt_5_metadata
http://www.geopostcodes.com,vendor,results_mistral:latest_prompt_5_metadata
http://www.getty.edu,cultural,results_mistral:latest_prompt_5_metadata
http://www.ghostscript.com,dn,results_mistral:latest_prompt_5_metadata
http://www.gmv.com,trad_news,results_mistral:latest_prompt_5_metadata
http://www.gracesguide.co.uk,nw,results_mistral:latest_prompt_5_metadata
http://www.guggenheim.org,cultural,results_mistral:latest_prompt_5_metadata
http://www.hardcoregamer.com,non_trad_news,results_mistral:latest_prompt_5_metadata
http://www.henry-moore.org,cultural,results_mistral:latest_prompt_5_metadata
http://www.hewlett.org,non_profit,results_mistral:latest_prompt_5_metadata
http://www.holyhead.com,nw,results_mistral:latest_prompt_5_metadata
http://www.huffingtonpost.com,trad_news,results_mistral:latest_prompt_5_metadata
http://www.independent.co.uk,trad_news,results_mistral:latest_prompt_5_metadata
http://www.instagram.com,trad_news,results_mistral:latest_prompt_5_metadata
http://www.issf-sports.org,trad_news,results_mistral:latest_prompt_5_metadata
http://www.ittf.com,trad_news,results_mistral:latest_prompt_5_metadata
http://www.itu.int,no_profit,results_mistral:latest_prompt_5_metadata
http://www.johnkcastle.com,biography,results_mistral:latest_prompt_5_metadata
http://www.jrrio.com,vendor,results_mistral:latest_prompt_5_metadata
http://www.judoinside.com,trad_news,results_mistral:latest_prompt_5_metadata
http://www.kde.org,no_profit,results_mistral:latest_prompt_5_metadata
http://www.khronos.org,academia_other,results_mistral:latest_prompt_5_metadata
http://www.laquadrature.net,no_profit,results_mistral:latest_prompt_5_metadata
http://www.leparcorama.com,nw,results_mistral:latest_prompt_5_metadata
http://www.liferay.com,vendor,results_mistral:latest_prompt_5_metadata
http://www.liveleak.com,non_trad_news,results_mistral:latest_prompt_5_metadata
http://www.livius.org,academia_other,results_mistral:latest_prompt_5_metadata
http://www.lulu.com,vendor,results_mistral:latest_prompt_5_metadata
http://www.lutyenstrust.org.uk,non_trad_news,results_mistral:latest_prompt_5_metadata
http://www.lynnnews.co.uk,trad_news,results_mistral:latest_prompt_5_metadata
http://www.mba.ac.uk,academia_uni,results_mistral:latest_prompt_5_metadata
http://www.metacritic.com,trad_news,results_mistral:latest_prompt_5_metadata
http://www.metalstorm.net,non_trad_news,results_mistral:latest_prompt_5_metadata
http://www.metmuseum.org,cultural,results_mistral:latest_prompt_5_metadata
http://www.mfa.org,cultural,results_mistral:latest_prompt_5_metadata
http://www.microsofttranslator.com,vendor,results_mistral:latest_prompt_5_metadata
http://www.moma.org,cultural,results_mistral:latest_prompt_5_metadata
http://www.mozilla.org,no_profit,results_mistral:latest_prompt_5_metadata
http://www.music-bazaar.com,vendor,results_mistral:latest_prompt_5_metadata
http://www.nationalgallery.org.uk,cultural,results_mistral:latest_prompt_5_metadata
http://www.nationaltrustcollections.org.uk,cultural,results_mistral:latest_prompt_5_metadata
http://www.ncbi.nlm.nih.gov,academia_pub,results_mistral:latest_prompt_5_metadata
http://www.newyorker.com,trad_news,results_mistral:latest_prompt_5_metadata
http://www.nfl.com,trad_news,results_mistral:latest_prompt_5_metadata
http://www.nga.gov,cultural,results_mistral:latest_prompt_5_metadata
http://www.nndb.com,trad_news,results_mistral:latest_prompt_5_metadata
http://www.nndc.bnl.gov,academia_pub,results_mistral:latest_prompt_5_metadata
http://www.nytimes.com,trad_news,results_mistral:latest_prompt_5_metadata
http://www.openvas.org,vendor,results_mistral:latest_prompt_5_metadata
http://www.oregonencyclopedia.org,cultural,results_mistral:latest_prompt_5_metadata
http://www.pafa.org,cultural,results_mistral:latest_prompt_5_metadata
http://www.pastscape.org.uk,cultural,results_mistral:latest_prompt_5_metadata
http://www.philamuseum.org,cultural,results_mistral:latest_prompt_5_metadata
http://www.phillipscollection.org,cultural,results_mistral:latest_prompt_5_metadata
http://www.poetsgraves.co.uk,cultural,results_mistral:latest_prompt_5_metadata
http://www.procyclingstats.com,trad_news,results_mistral:latest_prompt_5_metadata
http://www.profilecanada.com,trad_news,results_mistral:latest_prompt_5_metadata
http://www.progarchives.com,non_trad_news,results_mistral:latest_prompt_5_metadata
http://www.rada.ac.uk,cultural,results_mistral:latest_prompt_5_metadata
http://www.redmine.org,nw,results_mistral:latest_prompt_5_metadata
http://www.redorbit.com,non_trad_news,results_mistral:latest_prompt_5_metadata
http://www.rhapsody.com,vendor,results_mistral:latest_prompt_5_metadata
http://www.rio2016.com,trad_news,results_mistral:latest_prompt_5_metadata
http://www.rollingstone.com,trad_news,results_mistral:latest_prompt_5_metadata
http://www.salvador-dali.org,cultural,results_mistral:latest_prompt_5_metadata
http://www.scottisharchitects.org.uk,no_profit,results_mistral:latest_prompt_5_metadata
http://www.sctimes.com,trad_news,results_mistral:latest_prompt_5_metadata
http://www.sothebys.com,cultural,results_mistral:latest_prompt_5_metadata
http://www.sports-reference.com,trad_news,results_mistral:latest_prompt_5_metadata
http://www.sufyanismail.com,nw,results_mistral:latest_prompt_5_metadata
http://www.telegraph.co.uk,trad_news,results_mistral:latest_prompt_5_metadata
http://www.thegazette.co.uk,trad_news,results_mistral:latest_prompt_5_metadata
http://www.theguardian.com,trad_news,results_mistral:latest_prompt_5_metadata
http://www.thestar.com,trad_news,results_mistral:latest_prompt_5_metadata
http://www.thetalentmanager.co.uk,non_trad_news,results_mistral:latest_prompt_5_metadata
http://www.thetelegraphandargus.co.uk,trad_news,results_mistral:latest_prompt_5_metadata
http://www.thnk.org,non_profit,results_mistral:latest_prompt_5_metadata
http://www.transsiberianexpress.net,vendor,results_mistral:latest_prompt_5_metadata
http://www.tvfestival.com,cultural,results_mistral:latest_prompt_5_metadata
http://www.unesco.org,no_profit,results_mistral:latest_prompt_5_metadata
http://www.valpo.edu,academia_uni,results_mistral:latest_prompt_5_metadata
http://www.viaf.org,academia_other,results_mistral:latest_prompt_5_metadata
http://www.virtualbox.org,vendor,results_mistral:latest_prompt_5_metadata
http://www.washingtonpost.com,trad_news,results_mistral:latest_prompt_5_metadata
http://www.webcitation.org,dn,results_mistral:latest_prompt_5_metadata
http://www.who.int,trad_news,results_mistral:latest_prompt_5_metadata
http://www.wireshark.org,trad_news,results_mistral:latest_prompt_5_metadata
http://yba.llgc.org.uk,academia_uni,results_mistral:latest_prompt_5_metadata
http://yum.baseurl.org,dn,results_mistral:latest_prompt_5_metadata
http://addons.mozilla.org,non_trad_news,results_llama3.2_prompt_4_metadata
http://americanart.si.edu,trad_news,results_llama3.2_prompt_4_metadata
http://amturing.acm.org,trad_news,results_llama3.2_prompt_4_metadata
http://archive.org,trad_news,results_llama3.2_prompt_4_metadata
http://art.famsf.org,trad_news,results_llama3.2_prompt_4_metadata
http://backuppc.cvs.sourceforge.net,trad_news,results_llama3.2_prompt_4_metadata
http://bbfc.co.uk,nw,results_llama3.2_prompt_4_metadata
http://bbti.bodleian.ox.ac.uk,no_profit,results_llama3.2_prompt_4_metadata
http://blog.mathieui.net,trad_news,results_llama3.2_prompt_4_metadata
http://blog.torproject.org,trad_news,results_llama3.2_prompt_4_metadata
http://blogs.windows.com,trad_news,results_llama3.2_prompt_4_metadata
http://books.google.co.uk,nw,results_llama3.2_prompt_4_metadata
http://chem.nlm.nih.gov,trad_news,results_llama3.2_prompt_4_metadata
http://chibi.ubc.ca,trad_news,results_llama3.2_prompt_4_metadata
http://collection.cooperhewitt.org,trad_news,results_llama3.2_prompt_4_metadata
http://collections.artsmia.org,trad_news,results_llama3.2_prompt_4_metadata
http://collections.britishart.yale.edu,trad_news,results_llama3.2_prompt_4_metadata
http://collections.lacma.org,no_profit,results_llama3.2_prompt_4_metadata
http://commons.wikimedia.org,no_profit,results_llama3.2_prompt_4_metadata
http://daccess-ods.un.org,trad_news,results_llama3.2_prompt_4_metadata
http://data.ordnancesurvey.co.uk,trad_news,results_llama3.2_prompt_4_metadata
http://electronicintifada.net,trad_news,results_llama3.2_prompt_4_metadata
http://en.mediamass.net,trad_news,results_llama3.2_prompt_4_metadata
http://en.wikisource.org,vendor,results_llama3.2_prompt_4_metadata
http://eprints.lancs.ac.uk,trad_news,results_llama3.2_prompt_4_metadata
http://espn.go.com,trad_news,results_llama3.2_prompt_4_metadata
http://fdrmx.com,trad_news,results_llama3.2_prompt_4_metadata
http://fedoraproject.org,trad_news,results_llama3.2_prompt_4_metadata
http://feed.snapdo.com,ne,results_llama3.2_prompt_4_metadata
http://ffilms.org,trad_news,results_llama3.2_prompt_4_metadata
http://fie.org,trad_news,results_llama3.2_prompt_4_metadata
http://firstcycling.com,trad_news,results_llama3.2_prompt_4_metadata
http://flymotorsich.com,trad_news,results_llama3.2_prompt_4_metadata
http://fmg.ac,ne,results_llama3.2_prompt_4_metadata
http://forum.mql4.com,trad_news,results_llama3.2_prompt_4_metadata
http://fossilworks.org,trad_news,results_llama3.2_prompt_4_metadata
http://freemind.sourceforge.net,trad_news,results_llama3.2_prompt_4_metadata
http://ftp.debian-ports.org,trad_news,results_llama3.2_prompt_4_metadata
http://geonames.usgs.gov,trad_news,results_llama3.2_prompt_4_metadata
http://git.gnome.org,no_profit,results_llama3.2_prompt_4_metadata
http://git.kernel.org,trad_news,results_llama3.2_prompt_4_metadata
http://github.com,trad_news,results_llama3.2_prompt_4_metadata
http://groups.google.com,trad_news,results_llama3.2_prompt_4_metadata
http://iba-world.com,trad_news,results_llama3.2_prompt_4_metadata
http://id.loc.gov,yes,results_llama3.2_prompt_4_metadata
http://identifiers.org,trad_news,results_llama3.2_prompt_4_metadata
http://iditarod.com,trad_news,results_llama3.2_prompt_4_metadata
http://independentlibraries.co.uk,trad_news,results_llama3.2_prompt_4_metadata
http://instagram.com,nw,results_llama3.2_prompt_4_metadata
http://itunes.apple.com,trad_news,results_llama3.2_prompt_4_metadata
http://killiefc.com,trad_news,results_llama3.2_prompt_4_metadata
http://lawandorder.wikia.com,trad_news,results_llama3.2_prompt_4_metadata
http://library.la84.org,no_profit,results_llama3.2_prompt_4_metadata
http://lists.alioth.debian.org,nw,results_llama3.2_prompt_4_metadata
http://lists.freebsd.org,trad_news,results_llama3.2_prompt_4_metadata
http://lists.gnu.org,trad_news,results_llama3.2_prompt_4_metadata
http://lists.nongnu.org,nw,results_llama3.2_prompt_4_metadata
http://lists.torproject.org,trad_news,results_llama3.2_prompt_4_metadata
http://m.timesofindia.com,trad_news,results_llama3.2_prompt_4_metadata
http://mail-archives.apache.org,trad_news,results_llama3.2_prompt_4_metadata
http://man.9front.org,no_profit,results_llama3.2_prompt_4_metadata
http://marvel.com,trad_news,results_llama3.2_prompt_4_metadata
http://movie-locations.com,trad_news,results_llama3.2_prompt_4_metadata
http://movieweb.com,trad_news,results_llama3.2_prompt_4_metadata
http://mpse.org,trad_news,results_llama3.2_prompt_4_metadata
http://new.liveauctioneers.com,trad_news,results_llama3.2_prompt_4_metadata
http://olat.org,trad_news,results_llama3.2_prompt_4_metadata
http://oneprocycling.com,trad_news,results_llama3.2_prompt_4_metadata
http://peerj.com,trad_news,results_llama3.2_prompt_4_metadata
http://phoronix.com,trad_news,results_llama3.2_prompt_4_metadata
http://planetarynames.wr.usgs.gov,trad_news,results_llama3.2_prompt_4_metadata
http://pubchem.ncbi.nlm.nih.gov,trad_news,results_llama3.2_prompt_4_metadata
http://puppet.com,trad_news,results_llama3.2_prompt_4_metadata
http://ratings.fide.com,trad_news,results_llama3.2_prompt_4_metadata
http://runeberg.org,non_trad_news,results_llama3.2_prompt_4_metadata
http://sourceforge.net,trad_news,results_llama3.2_prompt_4_metadata
http://spamassassin.apache.org,trad_news,results_llama3.2_prompt_4_metadata
http://speedskatingstats.com,non_trad_news,results_llama3.2_prompt_4_metadata
http://splitsider.com,trad_news,results_llama3.2_prompt_4_metadata
http://sports.yahoo.com,trad_news,results_llama3.2_prompt_4_metadata
http://support.google.com,trad_news,results_llama3.2_prompt_4_metadata
http://thedancingrest.com,trad_news,results_llama3.2_prompt_4_metadata
http://tools.ietf.org,trad_news,results_llama3.2_prompt_4_metadata
http://uk.soccerway.com,trad_news,results_llama3.2_prompt_4_metadata
http://viaf.org,trad_news,results_llama3.2_prompt_4_metadata
http://vimeo.com,trad_news,results_llama3.2_prompt_4_metadata
http://vk.com,trad_news,results_llama3.2_prompt_4_metadata
http://vocab.getty.edu,trad_news,results_llama3.2_prompt_4_metadata
http://web.archive.org,trad_news,results_llama3.2_prompt_4_metadata
http://whc.unesco.org,trad_news,results_llama3.2_prompt_4_metadata
http://www.4shared.com,trad_news,results_llama3.2_prompt_4_metadata
http://www.aada.edu,academia_pub,results_llama3.2_prompt_4_metadata
http://www.allmusic.com,trad_news,results_llama3.2_prompt_4_metadata
http://www.arabianbusiness.com,trad_news,results_llama3.2_prompt_4_metadata
http://www.archive.org,cultural,results_llama3.2_prompt_4_metadata
http://www.archlinux.org,trad_news,results_llama3.2_prompt_4_metadata
http://www.artistdirect.com,nw,results_llama3.2_prompt_4_metadata
http://www.artsjournal.com,trad_news,results_llama3.2_prompt_4_metadata
http://www.audacityteam.org,trad_news,results_llama3.2_prompt_4_metadata
http://www.bbc.co.uk,trad_news,results_llama3.2_prompt_4_metadata
http://www.billgladstone.ca,trad_news,results_llama3.2_prompt_4_metadata
http://www.bindingdb.org,yes,results_llama3.2_prompt_4_metadata
http://www.bizjournals.com,trad_news,results_llama3.2_prompt_4_metadata
http://www.blackfilm.com,trad_news,results_llama3.2_prompt_4_metadata
http://www.blakeschool.org,trad_news,results_llama3.2_prompt_4_metadata
http://www.blend4web.com,trad_news,results_llama3.2_prompt_4_metadata
http://www.boxofficemojo.com,trad_news,results_llama3.2_prompt_4_metadata
http://www.bristol.ac.uk,ne,results_llama3.2_prompt_4_metadata
http://www.britannica.com,non_trad_news,results_llama3.2_prompt_4_metadata
http://www.brooklynmuseum.org,trad_news,results_llama3.2_prompt_4_metadata
http://www.businessinsider.com,trad_news,results_llama3.2_prompt_4_metadata
http://www.bvbinfo.com,trad_news,results_llama3.2_prompt_4_metadata
http://www.canada.com,trad_news,results_llama3.2_prompt_4_metadata
http://www.catholic-hierarchy.org,trad_news,results_llama3.2_prompt_4_metadata
http://www.cb300.com,trad_news,results_llama3.2_prompt_4_metadata
http://www.cdbaby.com,trad_news,results_llama3.2_prompt_4_metadata
http://www.census.gov,trad_news,results_llama3.2_prompt_4_metadata
http://www.ciaaw.org,academia_pub,results_llama3.2_prompt_4_metadata
http://www.clsp.jhu.edu,trad_news,results_llama3.2_prompt_4_metadata
http://www.coolantarctica.com,trad_news,results_llama3.2_prompt_4_metadata
http://www.crawltrack.net,non_trad_news,results_llama3.2_prompt_4_metadata
http://www.crunchbase.com,trad_news,results_llama3.2_prompt_4_metadata
http://www.cyclingnews.com,trad_news,results_llama3.2_prompt_4_metadata
http://www.debian.org,trad_news,results_llama3.2_prompt_4_metadata
http://www.dubaicityguide.com,trad_news,results_llama3.2_prompt_4_metadata
http://www.dulwichpicturegallery.org.uk,trad_news,results_llama3.2_prompt_4_metadata
http://www.e-yearbook.com,trad_news,results_llama3.2_prompt_4_metadata
http://www.edanhughes.com,trad_news,results_llama3.2_prompt_4_metadata
http://www.entente-ee.com,trad_news,results_llama3.2_prompt_4_metadata
http://www.esrb.org,trad_news,results_llama3.2_prompt_4_metadata
http://www.eurodressage.com,nw,results_llama3.2_prompt_4_metadata
http://www.eurohandball.com,trad_news,results_llama3.2_prompt_4_metadata
http://www.europarl.europa.eu,non_trad_news,results_llama3.2_prompt_4_metadata
http://www.filmreference.com,nw,results_llama3.2_prompt_4_metadata
http://www.findagrave.com,ne,results_llama3.2_prompt_4_metadata
http://www.fundacionbancosantander.com,trad_news,results_llama3.2_prompt_4_metadata
http://www.futhead.com,trad_news,results_llama3.2_prompt_4_metadata
http://www.fye.com,trad_news,results_llama3.2_prompt_4_metadata
http://www.gc-cup.com,ne,results_llama3.2_prompt_4_metadata
http://www.genome.gov,trad_news,results_llama3.2_prompt_4_metadata
http://www.geonames.org,ne,results_llama3.2_prompt_4_metadata
http://www.geopostcodes.com,non_trad_news,results_llama3.2_prompt_4_metadata
http://www.getty.edu,trad_news,results_llama3.2_prompt_4_metadata
http://www.ghostscript.com,trad_news,results_llama3.2_prompt_4_metadata
http://www.gmv.com,trad_news,results_llama3.2_prompt_4_metadata
http://www.gracesguide.co.uk,trad_news,results_llama3.2_prompt_4_metadata
http://www.guggenheim.org,trad_news,results_llama3.2_prompt_4_metadata
http://www.hardcoregamer.com,trad_news,results_llama3.2_prompt_4_metadata
http://www.henry-moore.org,acadmia_uni,results_llama3.2_prompt_4_metadata
http://www.hewlett.org,trad_news,results_llama3.2_prompt_4_metadata
http://www.hmdb.ca,vendor,results_llama3.2_prompt_4_metadata
http://www.holyhead.com,trad_news,results_llama3.2_prompt_4_metadata
http://www.huffingtonpost.com,trad_news,results_llama3.2_prompt_4_metadata
http://www.independent.co.uk,trad_news,results_llama3.2_prompt_4_metadata
http://www.instagram.com,trad_news,results_llama3.2_prompt_4_metadata
http://www.issf-sports.org,trad_news,results_llama3.2_prompt_4_metadata
http://www.ittf.com,trad_news,results_llama3.2_prompt_4_metadata
http://www.itu.int,trad_news,results_llama3.2_prompt_4_metadata
http://www.johnkcastle.com,trad_news,results_llama3.2_prompt_4_metadata
http://www.jrrio.com,trad_news,results_llama3.2_prompt_4_metadata
http://www.judoinside.com,trad_news,results_llama3.2_prompt_4_metadata
http://www.kde.org,trad_news,results_llama3.2_prompt_4_metadata
http://www.khronos.org,trad_news,results_llama3.2_prompt_4_metadata
http://www.laquadrature.net,trad_news,results_llama3.2_prompt_4_metadata
http://www.leparcorama.com,trad_news,results_llama3.2_prompt_4_metadata
http://www.liferay.com,trad_news,results_llama3.2_prompt_4_metadata
http://www.liveleak.com,trad_news,results_llama3.2_prompt_4_metadata
http://www.livius.org,trad_news,results_llama3.2_prompt_4_metadata
http://www.lulu.com,trad_news,results_llama3.2_prompt_4_metadata
http://www.lutyenstrust.org.uk,trad_news,results_llama3.2_prompt_4_metadata
http://www.lynnnews.co.uk,trad_news,results_llama3.2_prompt_4_metadata
http://www.mba.ac.uk,trad_news,results_llama3.2_prompt_4_metadata
http://www.metacritic.com,trad_news,results_llama3.2_prompt_4_metadata
http://www.metalstorm.net,non_trad_news,results_llama3.2_prompt_4_metadata
http://www.metmuseum.org,non_trad_news,results_llama3.2_prompt_4_metadata
http://www.mfa.org,trad_news,results_llama3.2_prompt_4_metadata
http://www.microsofttranslator.com,trad_news,results_llama3.2_prompt_4_metadata
http://www.moma.org,non_trad_news,results_llama3.2_prompt_4_metadata
http://www.mozilla.org,trad_news,results_llama3.2_prompt_4_metadata
http://www.music-bazaar.com,trad_news,results_llama3.2_prompt_4_metadata
http://www.nationalgallery.org.uk,non_trad_news,results_llama3.2_prompt_4_metadata
http://www.nationaltrustcollections.org.uk,trad_news,results_llama3.2_prompt_4_metadata
http://www.ncbi.nlm.nih.gov,trad_news,results_llama3.2_prompt_4_metadata
http://www.newyorker.com,trad_news,results_llama3.2_prompt_4_metadata
http://www.nfl.com,trad_news,results_llama3.2_prompt_4_metadata
http://www.nga.gov,trad_news,results_llama3.2_prompt_4_metadata
http://www.nndb.com,trad_news,results_llama3.2_prompt_4_metadata
http://www.nndc.bnl.gov,trad_news,results_llama3.2_prompt_4_metadata
http://www.nytimes.com,trad_news,results_llama3.2_prompt_4_metadata
http://www.openvas.org,trad_news,results_llama3.2_prompt_4_metadata
http://www.oregonencyclopedia.org,acadmia_pub,results_llama3.2_prompt_4_metadata
http://www.pafa.org,trad_news,results_llama3.2_prompt_4_metadata
http://www.pastscape.org.uk,trad_news,results_llama3.2_prompt_4_metadata
http://www.philamuseum.org,trad_news,results_llama3.2_prompt_4_metadata
http://www.phillipscollection.org,trad_news,results_llama3.2_prompt_4_metadata
http://www.poetsgraves.co.uk,nw,results_llama3.2_prompt_4_metadata
http://www.procyclingstats.com,trad_news,results_llama3.2_prompt_4_metadata
http://www.profilecanada.com,trad_news,results_llama3.2_prompt_4_metadata
http://www.progarchives.com,trad_news,results_llama3.2_prompt_4_metadata
http://www.rada.ac.uk,academia_pub,results_llama3.2_prompt_4_metadata
http://www.redmine.org,yes,results_llama3.2_prompt_4_metadata
http://www.redorbit.com,trad_news,results_llama3.2_prompt_4_metadata
http://www.rhapsody.com,non_trad_news,results_llama3.2_prompt_4_metadata
http://www.rio2016.com,trad_news,results_llama3.2_prompt_4_metadata
http://www.rollingstone.com,trad_news,results_llama3.2_prompt_4_metadata
http://www.salvador-dali.org,trad_news,results_llama3.2_prompt_4_metadata
http://www.scottisharchitects.org.uk,trad_news,results_llama3.2_prompt_4_metadata
http://www.sctimes.com,trad_news,results_llama3.2_prompt_4_metadata
http://www.sothebys.com,trad_news,results_llama3.2_prompt_4_metadata
http://www.sufyanismail.com,ne,results_llama3.2_prompt_4_metadata
http://www.telegraph.co.uk,nw,results_llama3.2_prompt_4_metadata
http://www.thegazette.co.uk,trad_news,results_llama3.2_prompt_4_metadata
http://www.theguardian.com,trad_news,results_llama3.2_prompt_4_metadata
http://www.thestar.com,nw,results_llama3.2_prompt_4_metadata
http://www.thetalentmanager.co.uk,trad_news,results_llama3.2_prompt_4_metadata
http://www.thetelegraphandargus.co.uk,trad_news,results_llama3.2_prompt_4_metadata
http://www.thnk.org,trad_news,results_llama3.2_prompt_4_metadata
http://www.transsiberianexpress.net,trad_news,results_llama3.2_prompt_4_metadata
http://www.tvfestival.com,trad_news,results_llama3.2_prompt_4_metadata
http://www.unesco.org,trad_news,results_llama3.2_prompt_4_metadata
http://www.valpo.edu,trad_news,results_llama3.2_prompt_4_metadata
http://www.viaf.org,trad_news,results_llama3.2_prompt_4_metadata
http://www.virtualbox.org,trad_news,results_llama3.2_prompt_4_metadata
http://www.washingtonpost.com,nw,results_llama3.2_prompt_4_metadata
http://www.webcitation.org,no_profit,results_llama3.2_prompt_4_metadata
http://www.who.int,nw,results_llama3.2_prompt_4_metadata
http://www.wireshark.org,nw,results_llama3.2_prompt_4_metadata
http://yba.llgc.org.uk,trad_news,results_llama3.2_prompt_4_metadata
http://yum.baseurl.org,trad_news,results_llama3.2_prompt_4_metadata
http://8tracks.com,non_trad_news,results_llama3.2_prompt_2_onesl
http://addons.mozilla.org,trad_news,results_llama3.2_prompt_2_onesl
http://akas.imdb.com,nw,results_llama3.2_prompt_2_onesl
http://americanart.si.edu,trad_news,results_llama3.2_prompt_2_onesl
http://amturing.acm.org,academia_uni,results_llama3.2_prompt_2_onesl
http://archive.org,trad_news,results_llama3.2_prompt_2_onesl
http://art.famsf.org,ne,results_llama3.2_prompt_2_onesl
http://backuppc.cvs.sourceforge.net,non_trad_news,results_llama3.2_prompt_2_onesl
http://bbfc.co.uk,trad_news,results_llama3.2_prompt_2_onesl
http://bbti.bodleian.ox.ac.uk,nw,results_llama3.2_prompt_2_onesl
http://blog.mathieui.net,non_trad_news,results_llama3.2_prompt_2_onesl
http://blog.process-one.net,non_trad_news,results_llama3.2_prompt_2_onesl
http://blog.torproject.org,no_profit,results_llama3.2_prompt_2_onesl
http://blogs.windows.com,non_trad_news,results_llama3.2_prompt_2_onesl
http://books.google.co.uk,nw,results_llama3.2_prompt_2_onesl
http://brightlightsfilm.com,non_trad_news,results_llama3.2_prompt_2_onesl
http://chem.nlm.nih.gov,trad_news,results_llama3.2_prompt_2_onesl
http://chibi.ubc.ca,academia_uni,results_llama3.2_prompt_2_onesl
http://classify.oclc.org,academia_pub,results_llama3.2_prompt_2_onesl
http://collection.cooperhewitt.org,academia_uni,results_llama3.2_prompt_2_onesl
http://collections.artsmia.org,cultural,results_llama3.2_prompt_2_onesl
http://collections.britishart.yale.edu,academia_uni,results_llama3.2_prompt_2_onesl
http://collections.lacma.org,trad_news,results_llama3.2_prompt_2_onesl
http://commons.wikimedia.org,academia_pub,results_llama3.2_prompt_2_onesl
http://daccess-ods.un.org,no_profit,results_llama3.2_prompt_2_onesl
http://data.ordnancesurvey.co.uk,trad_news,results_llama3.2_prompt_2_onesl
http://directory.fsf.org,academia_pub,results_llama3.2_prompt_2_onesl
http://electronicintifada.net,trad_news,results_llama3.2_prompt_2_onesl
http://en.mediamass.net,no_profit,results_llama3.2_prompt_2_onesl
http://en.wikisource.org,trad_news,results_llama3.2_prompt_2_onesl
http://eprints.lancs.ac.uk,academia_uni,results_llama3.2_prompt_2_onesl
http://equipboard.com,ne,results_llama3.2_prompt_2_onesl
http://espn.go.com,trad_news,results_llama3.2_prompt_2_onesl
http://europeana.eu,nw,results_llama3.2_prompt_2_onesl
http://factfinder.census.gov,yes,results_llama3.2_prompt_2_onesl
http://fdrmx.com,ne,results_llama3.2_prompt_2_onesl
http://fedoraproject.org,vendor,results_llama3.2_prompt_2_onesl
http://feed.snapdo.com,ne,results_llama3.2_prompt_2_onesl
http://ffilms.org,ne,results_llama3.2_prompt_2_onesl
http://fie.org,no_profit,results_llama3.2_prompt_2_onesl
http://figshare.com,academia_pub,results_llama3.2_prompt_2_onesl
http://firstcycling.com,trad_news,results_llama3.2_prompt_2_onesl
http://flymotorsich.com,nw,results_llama3.2_prompt_2_onesl
http://fmg.ac,academia_uni,results_llama3.2_prompt_2_onesl
http://forum.mql4.com,trad_news,results_llama3.2_prompt_2_onesl
http://forums.comodo.com,nw,results_llama3.2_prompt_2_onesl
http://fossilworks.org,academia_pub,results_llama3.2_prompt_2_onesl
http://freemind.sourceforge.net,academia_uni,results_llama3.2_prompt_2_onesl
http://ftp.debian-ports.org,trad_news,results_llama3.2_prompt_2_onesl
http://genealogy.az.gov,vendor,results_llama3.2_prompt_2_onesl
http://geonames.usgs.gov,trad_news,results_llama3.2_prompt_2_onesl
http://git.gnome.org,ne,results_llama3.2_prompt_2_onesl
http://git.kernel.org,ne,results_llama3.2_prompt_2_onesl
http://github.com,academia_uni,results_llama3.2_prompt_2_onesl
http://groups.google.com,non_trad_news,results_llama3.2_prompt_2_onesl
http://hansard.millbanksystems.com,trad_news,results_llama3.2_prompt_2_onesl
http://hg.mozilla.org,ne,results_llama3.2_prompt_2_onesl
http://iba-world.com,nw,results_llama3.2_prompt_2_onesl
http://id.loc.gov,trad_news,results_llama3.2_prompt_2_onesl
http://identifiers.org,nw,results_llama3.2_prompt_2_onesl
http://iditarod.com,trad_news,results_llama3.2_prompt_2_onesl
http://independentlibraries.co.uk,no_profit,results_llama3.2_prompt_2_onesl
http://instagram.com,non_trad_news,results_llama3.2_prompt_2_onesl
http://itunes.apple.com,trad_news,results_llama3.2_prompt_2_onesl
http://killiefc.com,no_profit,results_llama3.2_prompt_2_onesl
http://lawandorder.wikia.com,political,results_llama3.2_prompt_2_onesl
http://library.la84.org,academia_uni,results_llama3.2_prompt_2_onesl
http://lists.alioth.debian.org,academia_uni,results_llama3.2_prompt_2_onesl
http://lists.freebsd.org,ne,results_llama3.2_prompt_2_onesl
http://lists.gnu.org,academia_pub,results_llama3.2_prompt_2_onesl
http://lists.netfilter.org,trad_news,results_llama3.2_prompt_2_onesl
http://lists.nongnu.org,no_profit,results_llama3.2_prompt_2_onesl
http://lists.torproject.org,academia_uni,results_llama3.2_prompt_2_onesl
http://m.timesofindia.com,trad_news,results_llama3.2_prompt_2_onesl
http://mail-archives.apache.org,trad_news,results_llama3.2_prompt_2_onesl
http://man.9front.org,nw,results_llama3.2_prompt_2_onesl
http://marvel.com,trad_news,results_llama3.2_prompt_2_onesl
http://moma.org,academia_pub,results_llama3.2_prompt_2_onesl
http://movie-locations.com,non_trad_news,results_llama3.2_prompt_2_onesl
http://movieweb.com,non_trad_news,results_llama3.2_prompt_2_onesl
http://mpse.org,academia_uni,results_llama3.2_prompt_2_onesl
http://new.liveauctioneers.com,nw,results_llama3.2_prompt_2_onesl
http://olat.org,no_profit,results_llama3.2_prompt_2_onesl
http://oneprocycling.com,vendor,results_llama3.2_prompt_2_onesl
http://online.wsj.com,trad_news,results_llama3.2_prompt_2_onesl
http://oxfordindex.oup.com,trad_news,results_llama3.2_prompt_2_onesl
http://peerj.com,academia_pub,results_llama3.2_prompt_2_onesl
http://phoronix.com,trad_news,results_llama3.2_prompt_2_onesl
http://planetarynames.wr.usgs.gov,trad_news,results_llama3.2_prompt_2_onesl
http://pubchem.ncbi.nlm.nih.gov,academia_pub,results_llama3.2_prompt_2_onesl
http://puppet.com,vendor,results_llama3.2_prompt_2_onesl
http://ratings.fide.com,trad_news,results_llama3.2_prompt_2_onesl
http://runeberg.org,trad_news,results_llama3.2_prompt_2_onesl
http://sites.asiasociety.org,no_profit,results_llama3.2_prompt_2_onesl
http://sourceforge.net,ne,results_llama3.2_prompt_2_onesl
http://spamassassin.apache.org,academia_pub,results_llama3.2_prompt_2_onesl
http://speedskatingstats.com,trad_news,results_llama3.2_prompt_2_onesl
http://splitsider.com,no,results_llama3.2_prompt_2_onesl
http://sports.yahoo.com,non_trad_news,results_llama3.2_prompt_2_onesl
http://support.google.com,vendor,results_llama3.2_prompt_2_onesl
http://thebloxwichtelegraph.com,ne,results_llama3.2_prompt_2_onesl
http://thedancingrest.com,nw,results_llama3.2_prompt_2_onesl
http://tools.ietf.org,trad_news,results_llama3.2_prompt_2_onesl
http://twitter.com,non_trad_news,results_llama3.2_prompt_2_onesl
http://uk.soccerway.com,nw,results_llama3.2_prompt_2_onesl
http://viaf.org,academia_uni,results_llama3.2_prompt_2_onesl
http://vimeo.com,ne,results_llama3.2_prompt_2_onesl
http://vk.com,ne,results_llama3.2_prompt_2_onesl
http://vocab.getty.edu,trad_news,results_llama3.2_prompt_2_onesl
http://web.archive.org,ne,results_llama3.2_prompt_2_onesl
http://wevegotyoucovered.buzznet.com,non_trad_news,results_llama3.2_prompt_2_onesl
http://whc.unesco.org,no_profit,results_llama3.2_prompt_2_onesl
http://www-history.mcs.st-andrews.ac.uk,trad_news,results_llama3.2_prompt_2_onesl
http://www.4shared.com,non_trad_news,results_llama3.2_prompt_2_onesl
http://www.aada.edu,academia_uni,results_llama3.2_prompt_2_onesl
http://www.allmusic.com,non_trad_news,results_llama3.2_prompt_2_onesl
http://www.annualreviews.org,academia_pub,results_llama3.2_prompt_2_onesl
http://www.arabianbusiness.com,trad_news,results_llama3.2_prompt_2_onesl
http://www.archive.org,trad_news,results_llama3.2_prompt_2_onesl
http://www.archlinux.org,nw,results_llama3.2_prompt_2_onesl
http://www.artic.edu,academia_other,results_llama3.2_prompt_2_onesl
http://www.artistdirect.com,vendor,results_llama3.2_prompt_2_onesl
http://www.artsbma.org,no_profit,results_llama3.2_prompt_2_onesl
http://www.artsjournal.com,no_profit,results_llama3.2_prompt_2_onesl
http://www.audacityteam.org,no_profit,results_llama3.2_prompt_2_onesl
http://www.badmintonlink.com,nw,results_llama3.2_prompt_2_onesl
http://www.bbc.co.uk,trad_news,results_llama3.2_prompt_2_onesl
http://www.billgladstone.ca,no_profit,results_llama3.2_prompt_2_onesl
http://www.bindingdb.org,no_profit,results_llama3.2_prompt_2_onesl
http://www.bizjournals.com,trad_news,results_llama3.2_prompt_2_onesl
http://www.blackfilm.com,trad_news,results_llama3.2_prompt_2_onesl
http://www.blakeschool.org,no_profit,results_llama3.2_prompt_2_onesl
http://www.blend4web.com,non_trad_news,results_llama3.2_prompt_2_onesl
http://www.boxofficemojo.com,trad_news,results_llama3.2_prompt_2_onesl
http://www.bristol.ac.uk,trad_news,results_llama3.2_prompt_2_onesl
http://www.britannica.com,trad_news,results_llama3.2_prompt_2_onesl
http://www.britishlistedbuildings.co.uk,trad_news,results_llama3.2_prompt_2_onesl
http://www.britishmuseum.org,trad_news,results_llama3.2_prompt_2_onesl
http://www.brooklynmuseum.org,no_profit,results_llama3.2_prompt_2_onesl
http://www.businessinsider.com,trad_news,results_llama3.2_prompt_2_onesl
http://www.bvbinfo.com,nw,results_llama3.2_prompt_2_onesl
http://www.canada.com,trad_news,results_llama3.2_prompt_2_onesl
http://www.catholic-hierarchy.org,political,results_llama3.2_prompt_2_onesl
http://www.cb300.com,no_profit,results_llama3.2_prompt_2_onesl
http://www.cdbaby.com,non_trad_news,results_llama3.2_prompt_2_onesl
http://www.census.gov,yes,results_llama3.2_prompt_2_onesl
http://www.ciaaw.org,no_profit,results_llama3.2_prompt_2_onesl
http://www.cineplex.com,vendor,results_llama3.2_prompt_2_onesl
http://www.clsp.jhu.edu,academia_uni,results_llama3.2_prompt_2_onesl
http://www.coolantarctica.com,trad_news,results_llama3.2_prompt_2_onesl
http://www.crawltrack.net,ne,results_llama3.2_prompt_2_onesl
http://www.crunchbase.com,trad_news,results_llama3.2_prompt_2_onesl
http://www.culturalheritage.gov.mt,cultural,results_llama3.2_prompt_2_onesl
http://www.cyclingnews.com,trad_news,results_llama3.2_prompt_2_onesl
http://www.darkhorse.com,trad_news,results_llama3.2_prompt_2_onesl
http://www.debian.org,no_profit,results_llama3.2_prompt_2_onesl
http://www.discogs.com,non_trad_news,results_llama3.2_prompt_2_onesl
http://www.dnw.co.uk,ne,results_llama3.2_prompt_2_onesl
http://www.dubaicityguide.com,ne,results_llama3.2_prompt_2_onesl
http://www.dulwichpicturegallery.org.uk,cultural,results_llama3.2_prompt_2_onesl
http://www.e-yearbook.com,nw,results_llama3.2_prompt_2_onesl
http://www.edanhughes.com,no_profit,results_llama3.2_prompt_2_onesl
http://www.entente-ee.com,ne,results_llama3.2_prompt_2_onesl
http://www.esrb.org,vendor,results_llama3.2_prompt_2_onesl
http://www.eurodressage.com,trad_news,results_llama3.2_prompt_2_onesl
http://www.eurohandball.com,trad_news,results_llama3.2_prompt_2_onesl
http://www.europarl.europa.eu,trad_news,results_llama3.2_prompt_2_onesl
http://www.fifa.com,vendor,results_llama3.2_prompt_2_onesl
http://www.fifthharmonyofficial.com,no_profit,results_llama3.2_prompt_2_onesl
http://www.filmreference.com,trad_news,results_llama3.2_prompt_2_onesl
http://www.findagrave.com,trad_news,results_llama3.2_prompt_2_onesl
http://www.fivb.org,trad_news,results_llama3.2_prompt_2_onesl
http://www.fundacionbancosantander.com,no_profit,results_llama3.2_prompt_2_onesl
http://www.futhead.com,non_trad_news,results_llama3.2_prompt_2_onesl
http://www.fye.com,academia_pub,results_llama3.2_prompt_2_onesl
http://www.gc-cup.com,nw,results_llama3.2_prompt_2_onesl
http://www.genealogy.math.ndsu.nodak.edu,academia_uni,results_llama3.2_prompt_2_onesl
http://www.genome.gov,yes,results_llama3.2_prompt_2_onesl
http://www.geonames.org,trad_news,results_llama3.2_prompt_2_onesl
http://www.geopostcodes.com,nw,results_llama3.2_prompt_2_onesl
http://www.getty.edu,trad_news,results_llama3.2_prompt_2_onesl
http://www.ghostscript.com,yes,results_llama3.2_prompt_2_onesl
http://www.gmv.com,cultural,results_llama3.2_prompt_2_onesl
http://www.gracesguide.co.uk,no_profit,results_llama3.2_prompt_2_onesl
http://www.guggenheim.org,cultural,results_llama3.2_prompt_2_onesl
http://www.hardcoregamer.com,no,results_llama3.2_prompt_2_onesl
http://www.henry-moore.org,no_profit,results_llama3.2_prompt_2_onesl
http://www.hermitagemuseum.org,trad_news,results_llama3.2_prompt_2_onesl
http://www.hewlett.org,no_profit,results_llama3.2_prompt_2_onesl
http://www.historicengland.org.uk,trad_news,results_llama3.2_prompt_2_onesl
http://www.historyofparliamentonline.org,trad_news,results_llama3.2_prompt_2_onesl
http://www.hmdb.ca,academia_uni,results_llama3.2_prompt_2_onesl
http://www.holyhead.com,ne,results_llama3.2_prompt_2_onesl
http://www.huffingtonpost.com,non_trad_news,results_llama3.2_prompt_2_onesl
http://www.ibdb.com,academia_uni,results_llama3.2_prompt_2_onesl
http://www.icheckmovies.com,no_profit,results_llama3.2_prompt_2_onesl
http://www.imaginenews.com,non_trad_news,results_llama3.2_prompt_2_onesl
http://www.imdb.com,trad_news,results_llama3.2_prompt_2_onesl
http://www.independent.co.uk,no_profit,results_llama3.2_prompt_2_onesl
http://www.infoplease.com,yes,results_llama3.2_prompt_2_onesl
http://www.instagram.com,ne,results_llama3.2_prompt_2_onesl
http://www.issf-sports.org,trad_news,results_llama3.2_prompt_2_onesl
http://www.ittf.com,no_profit,results_llama3.2_prompt_2_onesl
http://www.itu.int,trad_news,results_llama3.2_prompt_2_onesl
http://www.johnkcastle.com,nw,results_llama3.2_prompt_2_onesl
http://www.jrrio.com,ne,results_llama3.2_prompt_2_onesl
http://www.judoinside.com,vendor,results_llama3.2_prompt_2_onesl
http://www.jukely.com,non_trad_news,results_llama3.2_prompt_2_onesl
http://www.kde.org,vendor,results_llama3.2_prompt_2_onesl
http://www.khronos.org,trad_news,results_llama3.2_prompt_2_onesl
http://www.laquadrature.net,trad_news,results_llama3.2_prompt_2_onesl
http://www.legacy.com,yes,results_llama3.2_prompt_2_onesl
http://www.leparcorama.com,nw,results_llama3.2_prompt_2_onesl
http://www.liferay.com,vendor,results_llama3.2_prompt_2_onesl
http://www.liveleak.com,no_trad_news,results_llama3.2_prompt_2_onesl
http://www.livius.org,trad_news,results_llama3.2_prompt_2_onesl
http://www.lulu.com,vendor,results_llama3.2_prompt_2_onesl
http://www.lutyenstrust.org.uk,no_profit,results_llama3.2_prompt_2_onesl
http://www.lynnnews.co.uk,ne,results_llama3.2_prompt_2_onesl
http://www.mba.ac.uk,academia_uni,results_llama3.2_prompt_2_onesl
http://www.metacritic.com,trad_news,results_llama3.2_prompt_2_onesl
http://www.metalstorm.net,non_trad_news,results_llama3.2_prompt_2_onesl
http://www.metmuseum.org,trad_news,results_llama3.2_prompt_2_onesl
http://www.mfa.org,no_profit,results_llama3.2_prompt_2_onesl
http://www.microsofttranslator.com,vendor,results_llama3.2_prompt_2_onesl
http://www.moma.org,cultural,results_llama3.2_prompt_2_onesl
http://www.mozilla.org,trad_news,results_llama3.2_prompt_2_onesl
http://www.music-bazaar.com,vendor,results_llama3.2_prompt_2_onesl
http://www.nationalgallery.org.uk,trad_news,results_llama3.2_prompt_2_onesl
http://www.nationaltrustcollections.org.uk,no_profit,results_llama3.2_prompt_2_onesl
http://www.ncbi.nlm.nih.gov,yes,results_llama3.2_prompt_2_onesl
http://www.newyorker.com,trad_news,results_llama3.2_prompt_2_onesl
http://www.nfl.com,trad_news,results_llama3.2_prompt_2_onesl
http://www.nga.gov,no_profit,results_llama3.2_prompt_2_onesl
http://www.nme.com,no_profit,results_llama3.2_prompt_2_onesl
http://www.nndb.com,ne,results_llama3.2_prompt_2_onesl
http://www.nndc.bnl.gov,no_profit,results_llama3.2_prompt_2_onesl
http://www.nytimes.com,trad_news,results_llama3.2_prompt_2_onesl
http://www.ofcom.org.uk,trad_news,results_llama3.2_prompt_2_onesl
http://www.opensubtitles.org,no_profit,results_llama3.2_prompt_2_onesl
http://www.openvas.org,no_profit,results_llama3.2_prompt_2_onesl
http://www.oregonencyclopedia.org,no_profit,results_llama3.2_prompt_2_onesl
http://www.oxforddnb.com,trad_news,results_llama3.2_prompt_2_onesl
http://www.oxfordmusiconline.com,academia_pub,results_llama3.2_prompt_2_onesl
http://www.pafa.org,no_profit,results_llama3.2_prompt_2_onesl
http://www.pastscape.org.uk,trad_news,results_llama3.2_prompt_2_onesl
http://www.philamuseum.org,academia_other,results_llama3.2_prompt_2_onesl
http://www.phillipscollection.org,academia_uni,results_llama3.2_prompt_2_onesl
http://www.poetsgraves.co.uk,nw,results_llama3.2_prompt_2_onesl
http://www.procyclingstats.com,trad_news,results_llama3.2_prompt_2_onesl
http://www.profilecanada.com,vendor,results_llama3.2_prompt_2_onesl
http://www.progarchives.com,trad_news,results_llama3.2_prompt_2_onesl
http://www.pulitzer.org,no_profit,results_llama3.2_prompt_2_onesl
http://www.rada.ac.uk,trad_news,results_llama3.2_prompt_2_onesl
http://www.redmine.org,academia_uni,results_llama3.2_prompt_2_onesl
http://www.redorbit.com,non_trad_news,results_llama3.2_prompt_2_onesl
http://www.rhapsody.com,trad_news,results_llama3.2_prompt_2_onesl
http://www.rio2016.com,no_profit,results_llama3.2_prompt_2_onesl
http://www.rollingstone.com,non_trad_news,results_llama3.2_prompt_2_onesl
http://www.royalcollection.org.uk,trad_news,results_llama3.2_prompt_2_onesl
http://www.salvador-dali.org,cultural,results_llama3.2_prompt_2_onesl
http://www.scottisharchitects.org.uk,nw,results_llama3.2_prompt_2_onesl
http://www.sctimes.com,trad_news,results_llama3.2_prompt_2_onesl
http://www.sothebys.com,vendor,results_llama3.2_prompt_2_onesl
http://www.speedskatingbase.eu,ne,results_llama3.2_prompt_2_onesl
http://www.sports-reference.com,trad_news,results_llama3.2_prompt_2_onesl
http://www.star-ecentral.com,ne,results_llama3.2_prompt_2_onesl
http://www.sufyanismail.com,no_profit,results_llama3.2_prompt_2_onesl
http://www.telegraph.co.uk,trad_news,results_llama3.2_prompt_2_onesl
http://www.thecalmzone.net,non_trad_news,results_llama3.2_prompt_2_onesl
http://www.thegazette.co.uk,nw,results_llama3.2_prompt_2_onesl
http://www.theguardian.com,trad_news,results_llama3.2_prompt_2_onesl
http://www.thestar.com,trad_news,results_llama3.2_prompt_2_onesl
http://www.thetalentmanager.co.uk,no_profit,results_llama3.2_prompt_2_onesl
http://www.thetelegraphandargus.co.uk,trad_news,results_llama3.2_prompt_2_onesl
http://www.thnk.org,no_profit,results_llama3.2_prompt_2_onesl
http://www.transsiberianexpress.net,no_profit,results_llama3.2_prompt_2_onesl
http://www.tsmc.com,vendor,results_llama3.2_prompt_2_onesl
http://www.tvfestival.com,trad_news,results_llama3.2_prompt_2_onesl
http://www.unece.org,trad_news,results_llama3.2_prompt_2_onesl
http://www.unesco.org,no_profit,results_llama3.2_prompt_2_onesl
http://www.valpo.edu,academia_uni,results_llama3.2_prompt_2_onesl
http://www.viaf.org,no_profit,results_llama3.2_prompt_2_onesl
http://www.virtualbox.org,ne,results_llama3.2_prompt_2_onesl
http://www.washingtonpost.com,yes,results_llama3.2_prompt_2_onesl
http://www.webcitation.org,trad_news,results_llama3.2_prompt_2_onesl
http://www.who.int,yes,results_llama3.2_prompt_2_onesl
http://www.wireshark.org,academia_uni,results_llama3.2_prompt_2_onesl
http://www.yesasia.com,vendor,results_llama3.2_prompt_2_onesl
http://www2.census.gov,yes,results_llama3.2_prompt_2_onesl
http://yabause.org,ne,results_llama3.2_prompt_2_onesl
http://yba.llgc.org.uk,ne,results_llama3.2_prompt_2_onesl
http://yum.baseurl.org,nw,results_llama3.2_prompt_2_onesl
http://8tracks.com,nw,results_llama3.2_1
http://8tracks.com,ne,results_llama3.2_1
http://addons.mozilla.org,ne,results_llama3.2_1
http://addons.mozilla.org,ne,results_llama3.2_1
http://akas.imdb.com,nw,results_llama3.2_1
http://akas.imdb.com,ne,results_llama3.2_1
http://americanart.si.edu,cultural,results_llama3.2_1
http://americanart.si.edu,cultural,results_llama3.2_1
http://amturing.acm.org,trad_news,results_llama3.2_1
http://amturing.acm.org,ne,results_llama3.2_1
http://archive.org,yes,results_llama3.2_1
http://archive.org,ne,results_llama3.2_1
http://art.famsf.org,cultural,results_llama3.2_1
http://art.famsf.org,cultural,results_llama3.2_1
http://backuppc.cvs.sourceforge.net,ne,results_llama3.2_1
http://backuppc.cvs.sourceforge.net,ne,results_llama3.2_1
http://bbfc.co.uk,ne,results_llama3.2_1
http://bbfc.co.uk,ne,results_llama3.2_1
http://bbti.bodleian.ox.ac.uk,ne,results_llama3.2_1
http://bbti.bodleian.ox.ac.uk,ne,results_llama3.2_1
http://blog.mathieui.net,non_trad_news,results_llama3.2_1
http://blog.mathieui.net,non_trad_news,results_llama3.2_1
http://blog.process-one.net,non_trad_news,results_llama3.2_1
http://blog.process-one.net,no_profit,results_llama3.2_1
http://blog.torproject.org,non_trad_news,results_llama3.2_1
http://blog.torproject.org,non_trad_news,results_llama3.2_1
http://blogs.windows.com,trad_news,results_llama3.2_1
http://blogs.windows.com,non_trad_news,results_llama3.2_1
http://books.google.co.uk,trad_news,results_llama3.2_1
http://books.google.co.uk,yes,results_llama3.2_1
http://brightlightsfilm.com,ne,results_llama3.2_1
http://brightlightsfilm.com,ne,results_llama3.2_1
http://chem.nlm.nih.gov,trad_news,results_llama3.2_1
http://chem.nlm.nih.gov,yes,results_llama3.2_1
http://chibi.ubc.ca,ne,results_llama3.2_1
http://chibi.ubc.ca,ne,results_llama3.2_1
http://classify.oclc.org,yes,results_llama3.2_1
http://classify.oclc.org,ne,results_llama3.2_1
http://collection.cooperhewitt.org,cultural,results_llama3.2_1
http://collection.cooperhewitt.org,cultural,results_llama3.2_1
http://collections.artsmia.org,cultural,results_llama3.2_1
http://collections.artsmia.org,cultural,results_llama3.2_1
http://collections.britishart.yale.edu,cultural,results_llama3.2_1
http://collections.britishart.yale.edu,cultural,results_llama3.2_1
http://collections.lacma.org,cultural,results_llama3.2_1
http://collections.lacma.org,cultural,results_llama3.2_1
http://commons.wikimedia.org,no_profit,results_llama3.2_1
http://commons.wikimedia.org,yes,results_llama3.2_1
http://daccess-ods.un.org,trad_news,results_llama3.2_1
http://daccess-ods.un.org,trad_news,results_llama3.2_1
http://data.ordnancesurvey.co.uk,trad_news,results_llama3.2_1
http://data.ordnancesurvey.co.uk,ne,results_llama3.2_1
http://directory.fsf.org,ne,results_llama3.2_1
http://directory.fsf.org,ne,results_llama3.2_1
http://electronicintifada.net,non_trad_news,results_llama3.2_1
http://electronicintifada.net,non_trad_news,results_llama3.2_1
http://en.mediamass.net,nw,results_llama3.2_1
http://en.mediamass.net,no_profit,results_llama3.2_1
http://en.wikisource.org,yes,results_llama3.2_1
http://en.wikisource.org,yes,results_llama3.2_1
http://eprints.lancs.ac.uk,academia_uni,results_llama3.2_1
http://eprints.lancs.ac.uk,academia_uni,results_llama3.2_1
http://equipboard.com,no_profit,results_llama3.2_1
http://equipboard.com,ne,results_llama3.2_1
http://espn.go.com,trad_news,results_llama3.2_1
http://espn.go.com,trad_news,results_llama3.2_1
http://europeana.eu,cultural,results_llama3.2_1
http://europeana.eu,cultural,results_llama3.2_1
http://factfinder.census.gov,trad_news,results_llama3.2_1
http://factfinder.census.gov,trad_news,results_llama3.2_1
http://fdrmx.com,nw,results_llama3.2_1
http://fdrmx.com,nw,results_llama3.2_1
http://fedoraproject.org,trad_news,results_llama3.2_1
http://fedoraproject.org,yes,results_llama3.2_1
http://feed.snapdo.com,ne,results_llama3.2_1
http://feed.snapdo.com,nw,results_llama3.2_1
http://ffilms.org,ne,results_llama3.2_1
http://ffilms.org,ne,results_llama3.2_1
http://fie.org,nw,results_llama3.2_1
http://fie.org,ne,results_llama3.2_1
http://figshare.com,ne,results_llama3.2_1
http://figshare.com,trad_news,results_llama3.2_1
http://firstcycling.com,non_trad_news,results_llama3.2_1
http://firstcycling.com,no_profit,results_llama3.2_1
http://flymotorsich.com,ne,results_llama3.2_1
http://flymotorsich.com,ne,results_llama3.2_1
http://fmg.ac,ne,results_llama3.2_1
http://fmg.ac,ne,results_llama3.2_1
http://forum.mql4.com,ne,results_llama3.2_1
http://forum.mql4.com,ne,results_llama3.2_1
http://forums.comodo.com,non_trad_news,results_llama3.2_1
http://forums.comodo.com,ne,results_llama3.2_1
http://fossilworks.org,ne,results_llama3.2_1
http://fossilworks.org,ne,results_llama3.2_1
http://freemind.sourceforge.net,ne,results_llama3.2_1
http://freemind.sourceforge.net,ne,results_llama3.2_1
http://ftp.debian-ports.org,trad_news,results_llama3.2_1
http://ftp.debian-ports.org,trad_news,results_llama3.2_1
http://genealogy.az.gov,trad_news,results_llama3.2_1
http://genealogy.az.gov,nw,results_llama3.2_1
http://geonames.usgs.gov,trad_news,results_llama3.2_1
http://geonames.usgs.gov,no_profit,results_llama3.2_1
http://git.gnome.org,no_profit,results_llama3.2_1
http://git.gnome.org,yes,results_llama3.2_1
http://git.kernel.org,trad_news,results_llama3.2_1
http://git.kernel.org,trad_news,results_llama3.2_1
http://github.com,trad_news,results_llama3.2_1
http://github.com,trad_news,results_llama3.2_1
http://groups.google.com,ne,results_llama3.2_1
http://groups.google.com,no_profit,results_llama3.2_1
http://hansard.millbanksystems.com,trad_news,results_llama3.2_1
http://hansard.millbanksystems.com,ne,results_llama3.2_1
http://hg.mozilla.org,ne,results_llama3.2_1
http://hg.mozilla.org,ne,results_llama3.2_1
http://iba-world.com,nw,results_llama3.2_1
http://iba-world.com,ne,results_llama3.2_1
http://id.loc.gov,ne,results_llama3.2_1
http://id.loc.gov,ne,results_llama3.2_1
http://identifiers.org,ne,results_llama3.2_1
http://identifiers.org,ne,results_llama3.2_1
http://iditarod.com,trad_news,results_llama3.2_1
http://iditarod.com,trad_news,results_llama3.2_1
http://independentlibraries.co.uk,ne,results_llama3.2_1
http://independentlibraries.co.uk,nw,results_llama3.2_1
http://instagram.com,trad_news,results_llama3.2_1
http://instagram.com,ne,results_llama3.2_1
http://itunes.apple.com,vendor,results_llama3.2_1
http://itunes.apple.com,vendor,results_llama3.2_1
http://killiefc.com,ne,results_llama3.2_1
http://killiefc.com,nw,results_llama3.2_1
http://lawandorder.wikia.com,ne,results_llama3.2_1
http://lawandorder.wikia.com,ne,results_llama3.2_1
http://library.la84.org,yes,results_llama3.2_1
http://library.la84.org,trad_news,results_llama3.2_1
http://lists.alioth.debian.org,trad_news,results_llama3.2_1
http://lists.alioth.debian.org,nw,results_llama3.2_1
http://lists.freebsd.org,trad_news,results_llama3.2_1
http://lists.freebsd.org,trad_news,results_llama3.2_1
http://lists.gnu.org,trad_news,results_llama3.2_1
http://lists.gnu.org,trad_news,results_llama3.2_1
http://lists.netfilter.org,ne,results_llama3.2_1
http://lists.netfilter.org,trad_news,results_llama3.2_1
http://lists.nongnu.org,trad_news,results_llama3.2_1
http://lists.nongnu.org,ne,results_llama3.2_1
http://lists.torproject.org,ne,results_llama3.2_1
http://lists.torproject.org,yes,results_llama3.2_1
http://m.timesofindia.com,trad_news,results_llama3.2_1
http://m.timesofindia.com,trad_news,results_llama3.2_1
http://mail-archives.apache.org,trad_news,results_llama3.2_1
http://mail-archives.apache.org,trad_news,results_llama3.2_1
http://man.9front.org,ne,results_llama3.2_1
http://man.9front.org,ne,results_llama3.2_1
http://marvel.com,yes,results_llama3.2_1
http://marvel.com,trad_news,results_llama3.2_1
http://moma.org,cultural,results_llama3.2_1
http://moma.org,cultural,results_llama3.2_1
http://movie-locations.com,ne,results_llama3.2_1
http://movie-locations.com,ne,results_llama3.2_1
http://movieweb.com,ne,results_llama3.2_1
http://movieweb.com,ne,results_llama3.2_1
http://mpse.org,ne,results_llama3.2_1
http://mpse.org,ne,results_llama3.2_1
http://new.liveauctioneers.com,ne,results_llama3.2_1
http://new.liveauctioneers.com,no_profit,results_llama3.2_1
http://olat.org,ne,results_llama3.2_1
http://olat.org,ne,results_llama3.2_1
http://oneprocycling.com,ne,results_llama3.2_1
http://oneprocycling.com,ne,results_llama3.2_1
http://online.wsj.com,trad_news,results_llama3.2_1
http://online.wsj.com,trad_news,results_llama3.2_1
http://oxfordindex.oup.com,trad_news,results_llama3.2_1
http://oxfordindex.oup.com,trad_news,results_llama3.2_1
http://peerj.com,trad_news,results_llama3.2_1
http://peerj.com,trad_news,results_llama3.2_1
http://phoronix.com,trad_news,results_llama3.2_1
http://phoronix.com,trad_news,results_llama3.2_1
http://planetarynames.wr.usgs.gov,yes,results_llama3.2_1
http://planetarynames.wr.usgs.gov,yes,results_llama3.2_1
http://pubchem.ncbi.nlm.nih.gov,ne,results_llama3.2_1
http://pubchem.ncbi.nlm.nih.gov,trad_news,results_llama3.2_1
http://puppet.com,vendor,results_llama3.2_1
http://puppet.com,trad_news,results_llama3.2_1
http://ratings.fide.com,trad_news,results_llama3.2_1
http://ratings.fide.com,no_profit,results_llama3.2_1
http://runeberg.org,yes,results_llama3.2_1
http://runeberg.org,cultural,results_llama3.2_1
http://sites.asiasociety.org,trad_news,results_llama3.2_1
http://sites.asiasociety.org,no_profit,results_llama3.2_1
http://sourceforge.net,yes,results_llama3.2_1
http://sourceforge.net,ne,results_llama3.2_1
http://spamassassin.apache.org,trad_news,results_llama3.2_1
http://spamassassin.apache.org,trad_news,results_llama3.2_1
http://speedskatingstats.com,ne,results_llama3.2_1
http://speedskatingstats.com,ne,results_llama3.2_1
http://splitsider.com,no,results_llama3.2_1
http://splitsider.com,ne,results_llama3.2_1
http://sports.yahoo.com,trad_news,results_llama3.2_1
http://sports.yahoo.com,ne,results_llama3.2_1
http://support.google.com,trad_news,results_llama3.2_1
http://support.google.com,trad_news,results_llama3.2_1
http://thebloxwichtelegraph.com,ne,results_llama3.2_1
http://thebloxwichtelegraph.com,trad_news,results_llama3.2_1
http://thedancingrest.com,ne,results_llama3.2_1
http://thedancingrest.com,ne,results_llama3.2_1
http://tools.ietf.org,trad_news,results_llama3.2_1
http://tools.ietf.org,ne,results_llama3.2_1
http://twitter.com,no_profit,results_llama3.2_1
http://twitter.com,yes,results_llama3.2_1
http://uk.soccerway.com,nw,results_llama3.2_1
http://uk.soccerway.com,yes,results_llama3.2_1
http://viaf.org,ne,results_llama3.2_1
http://viaf.org,ne,results_llama3.2_1
http://vimeo.com,trad_news,results_llama3.2_1
http://vimeo.com,no_profit,results_llama3.2_1
http://vk.com,no_profit,results_llama3.2_1
http://vk.com,ne,results_llama3.2_1
http://vocab.getty.edu,ne,results_llama3.2_1
http://vocab.getty.edu,ne,results_llama3.2_1
http://web.archive.org,nw,results_llama3.2_1
http://web.archive.org,ne,results_llama3.2_1
http://wevegotyoucovered.buzznet.com,ne,results_llama3.2_1
http://wevegotyoucovered.buzznet.com,ne,results_llama3.2_1
http://whc.unesco.org,ne,results_llama3.2_1
http://whc.unesco.org,no_profit,results_llama3.2_1
http://www-history.mcs.st-andrews.ac.uk,trad_news,results_llama3.2_1
http://www-history.mcs.st-andrews.ac.uk,trad_news,results_llama3.2_1
http://www.4shared.com,nw,results_llama3.2_1
http://www.4shared.com,ne,results_llama3.2_1
http://www.aada.edu,no_profit,results_llama3.2_1
http://www.aada.edu,trad_news,results_llama3.2_1
http://www.allmusic.com,vendor,results_llama3.2_1
http://www.allmusic.com,no_profit,results_llama3.2_1
http://www.annualreviews.org,trad_news,results_llama3.2_1
http://www.annualreviews.org,trad_news,results_llama3.2_1
http://www.arabianbusiness.com,trad_news,results_llama3.2_1
http://www.arabianbusiness.com,trad_news,results_llama3.2_1
http://www.archive.org,yes,results_llama3.2_1
http://www.archive.org,trad_news,results_llama3.2_1
http://www.archlinux.org,trad_news,results_llama3.2_1
http://www.archlinux.org,ne,results_llama3.2_1
http://www.artic.edu,cultural,results_llama3.2_1
http://www.artic.edu,cultural,results_llama3.2_1
http://www.artistdirect.com,trad_news,results_llama3.2_1
http://www.artistdirect.com,vendor,results_llama3.2_1
http://www.artsbma.org,cultural,results_llama3.2_1
http://www.artsbma.org,ne,results_llama3.2_1
http://www.artsjournal.com,non_trad_news,results_llama3.2_1
http://www.artsjournal.com,no_profit,results_llama3.2_1
http://www.audacityteam.org,ne,results_llama3.2_1
http://www.audacityteam.org,nw,results_llama3.2_1
http://www.badmintonlink.com,ne,results_llama3.2_1
http://www.badmintonlink.com,ne,results_llama3.2_1
http://www.bbc.co.uk,trad_news,results_llama3.2_1
http://www.bbc.co.uk,trad_news,results_llama3.2_1
http://www.billgladstone.ca,ne,results_llama3.2_1
http://www.billgladstone.ca,ne,results_llama3.2_1
http://www.bindingdb.org,ne,results_llama3.2_1
http://www.bindingdb.org,ne,results_llama3.2_1
http://www.bizjournals.com,trad_news,results_llama3.2_1
http://www.bizjournals.com,trad_news,results_llama3.2_1
http://www.blackfilm.com,trad_news,results_llama3.2_1
http://www.blackfilm.com,ne,results_llama3.2_1
http://www.blakeschool.org,trad_news,results_llama3.2_1
http://www.blakeschool.org,ne,results_llama3.2_1
http://www.blend4web.com,ne,results_llama3.2_1
http://www.blend4web.com,ne,results_llama3.2_1
http://www.boxofficemojo.com,trad_news,results_llama3.2_1
http://www.boxofficemojo.com,trad_news,results_llama3.2_1
http://www.bristol.ac.uk,trad_news,results_llama3.2_1
http://www.bristol.ac.uk,trad_news,results_llama3.2_1
http://www.britannica.com,trad_news,results_llama3.2_1
http://www.britannica.com,trad_news,results_llama3.2_1
http://www.britishlistedbuildings.co.uk,trad_news,results_llama3.2_1
http://www.britishlistedbuildings.co.uk,trad_news,results_llama3.2_1
http://www.britishmuseum.org,cultural,results_llama3.2_1
http://www.britishmuseum.org,cultural,results_llama3.2_1
http://www.brooklynmuseum.org,cultural,results_llama3.2_1
http://www.brooklynmuseum.org,cultural,results_llama3.2_1
http://www.businessinsider.com,trad_news,results_llama3.2_1
http://www.businessinsider.com,trad_news,results_llama3.2_1
http://www.bvbinfo.com,ne,results_llama3.2_1
http://www.bvbinfo.com,ne,results_llama3.2_1
http://www.canada.com,trad_news,results_llama3.2_1
http://www.canada.com,trad_news,results_llama3.2_1
http://www.catholic-hierarchy.org,trad_news,results_llama3.2_1
http://www.catholic-hierarchy.org,yes,results_llama3.2_1
http://www.cb300.com,ne,results_llama3.2_1
http://www.cb300.com,nw,results_llama3.2_1
http://www.cdbaby.com,ne,results_llama3.2_1
http://www.cdbaby.com,vendor,results_llama3.2_1
http://www.census.gov,trad_news,results_llama3.2_1
http://www.census.gov,trad_news,results_llama3.2_1
http://www.ciaaw.org,no_profit,results_llama3.2_1
http://www.ciaaw.org,no_profit,results_llama3.2_1
http://www.cineplex.com,trad_news,results_llama3.2_1
http://www.cineplex.com,nw,results_llama3.2_1
http://www.clsp.jhu.edu,trad_news,results_llama3.2_1
http://www.clsp.jhu.edu,trad_news,results_llama3.2_1
http://www.coolantarctica.com,no_profit,results_llama3.2_1
http://www.coolantarctica.com,non_trad_news,results_llama3.2_1
http://www.crawltrack.net,ne,results_llama3.2_1
http://www.crawltrack.net,no_trad_news,results_llama3.2_1
http://www.crunchbase.com,yes,results_llama3.2_1
http://www.crunchbase.com,no_profit,results_llama3.2_1
http://www.culturalheritage.gov.mt,yes,results_llama3.2_1
http://www.cyclingnews.com,trad_news,results_llama3.2_1
http://www.darkhorse.com,ne,results_llama3.2_1
http://www.debian.org,yes,results_llama3.2_1
http://www.discogs.com,yes,results_llama3.2_1
http://www.dnw.co.uk,nw,results_llama3.2_1
http://www.dubaicityguide.com,nw,results_llama3.2_1
http://www.dulwichpicturegallery.org.uk,cultural,results_llama3.2_1
http://www.e-yearbook.com,nw,results_llama3.2_1
http://www.edanhughes.com,ne,results_llama3.2_1
http://www.entente-ee.com,ne,results_llama3.2_1
http://www.esrb.org,nw,results_llama3.2_1
http://www.eurodressage.com,trad_news,results_llama3.2_1
http://www.eurohandball.com,trad_news,results_llama3.2_1
http://www.europarl.europa.eu,political,results_llama3.2_1
http://www.fifa.com,trad_news,results_llama3.2_1
http://www.fifthharmonyofficial.com,ne,results_llama3.2_1
http://www.filmreference.com,no_profit,results_llama3.2_1
http://www.findagrave.com,ne,results_llama3.2_1
http://www.fivb.org,trad_news,results_llama3.2_1
http://www.fundacionbancosantander.com,trad_news,results_llama3.2_1
http://www.futhead.com,nw,results_llama3.2_1
http://www.fye.com,ne,results_llama3.2_1
http://www.gc-cup.com,nw,results_llama3.2_1
http://www.genealogy.math.ndsu.nodak.edu,ne,results_llama3.2_1
http://www.genome.gov,trad_news,results_llama3.2_1
http://www.geonames.org,ne,results_llama3.2_1
http://www.geopostcodes.com,nw,results_llama3.2_1
http://www.getty.edu,no_profit,results_llama3.2_1
http://www.ghostscript.com,yes,results_llama3.2_1
http://www.gmv.com,no_profit,results_llama3.2_1
http://www.gracesguide.co.uk,trad_news,results_llama3.2_1
http://www.guggenheim.org,cultural,results_llama3.2_1
http://www.hardcoregamer.com,trad_news,results_llama3.2_1
http://www.henry-moore.org,cultural,results_llama3.2_1
http://www.hermitagemuseum.org,cultural,results_llama3.2_1
http://www.hewlett.org,nw,results_llama3.2_1
http://www.historicengland.org.uk,yes,results_llama3.2_1
http://www.historyofparliamentonline.org,no_profit,results_llama3.2_1
http://www.hmdb.ca,nw,results_llama3.2_1
http://www.holyhead.com,ne,results_llama3.2_1
http://www.huffingtonpost.com,trad_news,results_llama3.2_1
http://www.ibdb.com,yes,results_llama3.2_1
http://www.icheckmovies.com,non_trad_news,results_llama3.2_1
http://www.imaginenews.com,ne,results_llama3.2_1
http://www.imdb.com,trad_news,results_llama3.2_1
http://www.independent.co.uk,trad_news,results_llama3.2_1
http://www.infoplease.com,trad_news,results_llama3.2_1
http://www.instagram.com,no,results_llama3.2_1
http://www.issf-sports.org,ne,results_llama3.2_1
http://www.ittf.com,nw,results_llama3.2_1
http://www.itu.int,ne,results_llama3.2_1
http://www.johnkcastle.com,ne,results_llama3.2_1
http://www.jrrio.com,ne,results_llama3.2_1
http://www.judoinside.com,ne,results_llama3.2_1
http://www.jukely.com,nw,results_llama3.2_1
http://www.kde.org,ne,results_llama3.2_1
http://www.khronos.org,ne,results_llama3.2_1
http://www.laquadrature.net,ne,results_llama3.2_1
http://www.legacy.com,no_profit,results_llama3.2_1
http://www.leparcorama.com,ne,results_llama3.2_1
http://www.liferay.com,trad_news,results_llama3.2_1
http://www.liveleak.com,non_trad_news,results_llama3.2_1
http://www.livius.org,nw,results_llama3.2_1
http://www.lulu.com,nw,results_llama3.2_1
http://www.lutyenstrust.org.uk,no_profit,results_llama3.2_1
http://www.lynnnews.co.uk,trad_news,results_llama3.2_1
http://www.mba.ac.uk,trad_news,results_llama3.2_1
http://www.metacritic.com,trad_news,results_llama3.2_1
http://www.metalstorm.net,ne,results_llama3.2_1
http://www.metmuseum.org,cultural,results_llama3.2_1
http://www.mfa.org,trad_news,results_llama3.2_1
http://www.microsofttranslator.com,ne,results_llama3.2_1
http://www.moma.org,cultural,results_llama3.2_1
http://www.mozilla.org,yes,results_llama3.2_1
http://www.music-bazaar.com,nw,results_llama3.2_1
http://www.nationalgallery.org.uk,cultural,results_llama3.2_1
http://www.nationaltrustcollections.org.uk,yes,results_llama3.2_1
http://www.ncbi.nlm.nih.gov,trad_news,results_llama3.2_1
http://www.newyorker.com,trad_news,results_llama3.2_1
http://www.nfl.com,trad_news,results_llama3.2_1
http://www.nga.gov,no_profit,results_llama3.2_1
http://www.nme.com,trad_news,results_llama3.2_1
http://www.nndb.com,no_profit,results_llama3.2_1
http://www.nndc.bnl.gov,trad_news,results_llama3.2_1
http://www.nytimes.com,trad_news,results_llama3.2_1
http://www.ofcom.org.uk,trad_news,results_llama3.2_1
http://www.opensubtitles.org,ne,results_llama3.2_1
http://www.openvas.org,trad_news,results_llama3.2_1
http://www.oregonencyclopedia.org,ne,results_llama3.2_1
http://www.oxforddnb.com,trad_news,results_llama3.2_1
http://www.oxfordmusiconline.com,trad_news,results_llama3.2_1
http://www.pafa.org,no_profit,results_llama3.2_1
http://www.pastscape.org.uk,trad_news,results_llama3.2_1
http://www.philamuseum.org,cultural,results_llama3.2_1
http://www.phillipscollection.org,cultural,results_llama3.2_1
http://www.poetsgraves.co.uk,cultural,results_llama3.2_1
http://www.procyclingstats.com,trad_news,results_llama3.2_1
http://www.profilecanada.com,nw,results_llama3.2_1
http://www.progarchives.com,yes,results_llama3.2_1
http://www.pulitzer.org,trad_news,results_llama3.2_1
http://www.rada.ac.uk,nw,results_llama3.2_1
http://www.redmine.org,trad_news,results_llama3.2_1
http://www.redorbit.com,trad_news,results_llama3.2_1
http://www.rhapsody.com,ne,results_llama3.2_1
http://www.rio2016.com,no_profit,results_llama3.2_1
http://www.rollingstone.com,trad_news,results_llama3.2_1
http://www.royalcollection.org.uk,cultural,results_llama3.2_1
http://www.salvador-dali.org,cultural,results_llama3.2_1
http://www.scottisharchitects.org.uk,trad_news,results_llama3.2_1
http://www.sctimes.com,trad_news,results_llama3.2_1
http://www.sothebys.com,trad_news,results_llama3.2_1
http://www.speedskatingbase.eu,ne,results_llama3.2_1
http://www.sports-reference.com,trad_news,results_llama3.2_1
http://www.star-ecentral.com,ne,results_llama3.2_1
http://www.sufyanismail.com,ne,results_llama3.2_1
http://www.telegraph.co.uk,trad_news,results_llama3.2_1
http://www.thecalmzone.net,nw,results_llama3.2_1
http://www.thegazette.co.uk,trad_news,results_llama3.2_1
http://www.theguardian.com,trad_news,results_llama3.2_1
http://www.thestar.com,trad_news,results_llama3.2_1
http://www.thetalentmanager.co.uk,nw,results_llama3.2_1
http://www.thetelegraphandargus.co.uk,trad_news,results_llama3.2_1
http://www.thnk.org,no_profit,results_llama3.2_1
http://www.transsiberianexpress.net,ne,results_llama3.2_1
http://www.tsmc.com,ne,results_llama3.2_1
http://www.tvfestival.com,trad_news,results_llama3.2_1
http://www.unece.org,trad_news,results_llama3.2_1
http://www.unesco.org,trad_news,results_llama3.2_1
http://www.valpo.edu,no_profit,results_llama3.2_1
http://www.viaf.org,no_profit,results_llama3.2_1
http://www.virtualbox.org,ne,results_llama3.2_1
http://www.washingtonpost.com,trad_news,results_llama3.2_1
http://www.webcitation.org,ne,results_llama3.2_1
http://www.who.int,no_profit,results_llama3.2_1
http://www.wireshark.org,no_profit,results_llama3.2_1
http://www.yesasia.com,yes,results_llama3.2_1
http://www2.census.gov,yes,results_llama3.2_1
http://yabause.org,no_profit,results_llama3.2_1
http://yba.llgc.org.uk,ne,results_llama3.2_1
http://yum.baseurl.org,ne,results_llama3.2_1
